id_miembro,fec_registro,id_ciudad,genero,rango_edad,canal_pref,activo,fec_ultima_compra
790091777,2021-09-24,9,,36-45,online,0,2021-10-18
204001283,2016-10-17,3,M,60+,online,1,2025-08-27
49303558,2022-10-01,10,F,26-35,tienda,1,2025-02-15
936867846,2023-07-31,5,M,18-25,tienda,1,
695922698,2023-09-30,1,M,36-45,online,1,2024-01-06
72470545,2016-04-28,9,,18-25,online,1,2025-11-14
256387095,2017-09-18,3,F,60+,online,1,2020-10-04
710778904,2019-08-12,1,M,36-45,online,1,2024-02-07
575932441,2023-09-19,11,,46-60,online,0,2025-10-27
940539931,2025-12-31,4,M,46-60,online,1,
454914084,2019-08-23,6,F,26-35,tienda,1,2021-07-22
213600298,2023-01-26,2,M,46-60,online,1,2025-10-16
687294506,2025-04-27,8,M,26-35,online,1,2025-07-06
646512689,2026-02-03,7,M,36-45,tienda,1,2026-02-16
997513271,2025-06-16,7,,36-45,online,1,2025-10-25
876298296,2020-02-02,5,F,18-25,online,1,2023-07-19
631791672,2017-06-12,6,F,46-60,online,1,2022-12-31
775440444,2020-10-13,10,M,46-60,online,1,2022-10-23
466925638,2022-02-12,9,,26-35,tienda,1,2022-06-15
363116614,2021-08-07,11,,36-45,online,1,
450555977,2020-11-14,5,,46-60,tienda,1,2021-07-03
795385932,2024-11-26,5,M,46-60,tienda,1,2026-01-13
169920594,2018-04-04,3,F,46-60,online,1,2022-06-16
806348900,2025-06-23,4,,60+,tienda,1,2025-10-24
173561957,2016-06-17,8,,46-60,online,1,2020-08-28
7077991,2018-03-28,5,,60+,tienda,1,2025-10-06
298571886,2022-07-20,4,M,26-35,online,1,2022-12-05
897777788,2024-05-12,4,,18-25,tienda,1,
103948421,2017-02-02,11,,46-60,tienda,1,2020-02-04
882503818,2019-05-17,3,M,18-25,tienda,1,2021-12-23
927637643,2019-12-16,9,,26-35,online,1,2022-12-05
235593870,2022-06-10,8,,60+,tienda,0,2024-02-28
336830606,2021-05-03,8,,60+,tienda,1,2021-08-02
286601362,2022-11-19,9,M,46-60,tienda,1,2025-04-13
228972698,2024-10-10,4,F,60+,tienda,1,
204335259,2017-07-06,5,,36-45,online,1,2020-02-17
338815135,2025-01-21,6,M,26-35,online,1,
227516584,2019-12-07,3,M,46-60,tienda,1,2023-04-02
997712044,2024-11-14,8,M,46-60,tienda,0,2025-05-30
893094062,2025-12-26,10,M,60+,tienda,1,
638460085,2022-02-26,6,F,46-60,online,1,2025-09-16
818839736,2017-05-09,5,M,46-60,tienda,1,2023-04-29
365441213,2023-09-12,7,F,26-35,online,0,2025-09-03
286765249,2017-10-19,10,M,18-25,tienda,1,2022-05-15
234860738,2025-08-08,8,F,46-60,tienda,1,2025-09-03
753141955,2019-01-24,6,F,36-45,tienda,1,2020-11-19
697901251,2023-01-11,2,,60+,online,0,2024-02-16
176877762,2024-01-15,6,M,18-25,online,0,2025-01-03
577380546,2018-11-12,4,,26-35,online,1,
282216655,2026-03-02,11,M,46-60,tienda,1,2026-03-09
621990096,2024-12-03,3,,18-25,online,0,2025-11-20
543289555,2017-07-05,2,F,60+,tienda,1,2019-03-02
61173976,2018-03-29,4,,26-35,online,1,2023-09-06
34226396,2023-05-07,5,,18-25,online,1,
585226461,2017-06-05,7,M,60+,tienda,1,2020-02-09
592849116,2025-06-30,7,M,46-60,tienda,1,
364423393,2022-02-22,8,F,26-35,tienda,1,2024-09-04
299112686,2017-10-13,9,F,46-60,tienda,1,2023-12-22
693930224,2021-12-08,4,M,36-45,tienda,1,
74416370,2023-12-20,8,,46-60,tienda,1,2024-07-12
100704502,2026-01-14,6,M,36-45,tienda,1,2026-03-29
537600247,2020-09-22,10,F,60+,online,1,2021-08-29
719212790,2021-12-09,4,,46-60,tienda,1,2022-05-13
665155833,2023-03-06,4,,46-60,tienda,1,2024-10-11
58265865,2022-03-31,2,F,26-35,tienda,1,2023-09-02
568232202,2023-03-22,6,,36-45,tienda,0,2025-08-05
675096843,2023-07-22,9,,46-60,tienda,1,2025-02-17
627355918,2020-11-10,4,M,36-45,online,1,2025-02-10
994941203,2018-11-12,3,,46-60,tienda,1,2021-08-01
980572440,2018-01-13,9,M,26-35,tienda,1,2022-09-05
105775387,2022-08-09,3,,60+,online,1,2025-03-01
626663708,2020-06-21,1,,26-35,tienda,1,2020-08-30
656883995,2024-11-09,1,F,46-60,tienda,1,2025-05-22
648345888,2016-12-10,1,F,18-25,online,1,2020-02-17
621709600,2023-05-25,2,,18-25,online,1,2026-01-19
249917734,2020-01-04,10,M,26-35,online,1,
693201194,2018-11-24,7,,26-35,tienda,1,2023-12-11
65552690,2017-12-10,8,,46-60,tienda,1,2018-10-09
740839735,2016-06-18,1,,18-25,online,1,2018-04-19
280095032,2020-11-02,5,M,26-35,online,1,2023-07-20
982087993,2022-03-25,3,F,60+,tienda,1,2026-01-07
578822458,2024-12-09,4,F,46-60,online,1,2026-02-04
32094523,2016-08-09,5,,60+,online,1,2023-01-21
408043839,2024-04-16,9,M,36-45,online,1,2026-03-21
244803907,2020-06-14,3,,60+,tienda,1,2022-12-20
287584583,2021-03-02,8,,46-60,tienda,1,2025-06-05
943620428,2025-01-04,8,,18-25,tienda,1,2026-03-25
236556621,2025-04-10,10,M,26-35,online,0,2026-01-31
667064667,2025-08-17,11,,18-25,online,1,
496843109,2021-02-17,11,F,26-35,tienda,1,2025-01-27
866367851,2017-03-10,8,F,36-45,tienda,1,
809234796,2021-10-21,11,M,36-45,tienda,1,2025-07-03
318687604,2020-05-03,5,F,60+,online,1,2025-01-25
491041149,2024-06-22,6,M,46-60,online,1,2025-11-01
12427652,2024-08-30,9,M,26-35,tienda,1,2025-07-19
15946122,2022-03-25,8,M,26-35,tienda,1,2022-07-28
867707278,2022-01-28,5,,46-60,online,1,2022-04-16
865341839,2021-02-17,11,M,26-35,tienda,1,2023-12-13
785979795,2018-11-07,9,M,18-25,tienda,0,2025-09-11
236796312,2023-02-09,11,F,36-45,tienda,1,
105228697,2025-08-13,8,M,46-60,online,1,
205818272,2025-08-23,10,M,18-25,tienda,1,2025-09-30
802199969,2024-04-02,7,,36-45,online,1,2025-09-25
84664737,2021-04-16,5,,46-60,online,1,
626813347,2018-09-30,8,,60+,tienda,1,2021-02-28
545376696,2019-09-26,6,,26-35,tienda,1,
262398393,2019-11-15,7,,46-60,tienda,1,2023-07-14
142324154,2017-04-12,11,,26-35,tienda,0,2025-12-15
671510971,2022-07-26,3,,36-45,online,0,2025-07-04
247183812,2020-06-24,8,F,18-25,online,1,2023-06-20
388790725,2025-11-09,11,M,46-60,tienda,1,
81043908,2024-02-09,7,F,60+,tienda,0,2024-11-17
990407112,2017-07-15,11,F,60+,online,1,2023-02-24
284856779,2025-01-09,4,F,26-35,online,1,2026-01-29
453390810,2021-01-30,2,,18-25,tienda,1,2026-01-21
270053851,2016-12-05,5,M,36-45,online,1,
289954268,2024-12-09,6,M,60+,tienda,1,2026-03-15
594868704,2018-10-11,3,M,60+,tienda,1,2023-09-07
545219047,2017-05-18,4,,26-35,online,1,2018-06-16
409860584,2022-06-13,5,,18-25,tienda,0,2023-01-05
721318382,2024-12-19,11,M,46-60,tienda,0,2025-12-18
540031481,2023-11-20,5,F,36-45,tienda,1,2025-03-18
726700539,2017-01-19,4,F,18-25,online,1,
627794430,2023-03-20,6,,36-45,online,0,2024-03-23
231291390,2020-04-26,11,M,60+,online,0,2021-08-30
21012992,2020-06-16,8,F,26-35,tienda,1,
710126086,2016-09-04,4,,26-35,online,0,2022-03-21
730548745,2022-09-24,11,F,18-25,tienda,1,2026-03-01
590447116,2021-04-28,2,F,46-60,online,1,
501563916,2022-11-27,9,F,60+,tienda,1,
488661518,2022-06-25,5,F,36-45,tienda,1,
673815057,2025-05-31,8,M,26-35,tienda,0,
262963730,2025-04-09,9,F,18-25,tienda,1,2025-07-14
782993941,2020-05-13,8,,36-45,tienda,1,2023-03-10
245924373,2023-11-13,6,M,46-60,online,1,2023-11-27
530008599,2019-01-15,9,,26-35,online,1,2020-12-17
609294872,2023-09-07,8,F,46-60,online,1,
33829406,2016-08-11,1,F,18-25,online,1,2022-12-01
397578786,2023-01-19,9,F,36-45,tienda,1,2023-01-20
708502051,2023-07-04,3,,18-25,tienda,1,
582277668,2017-05-21,5,F,26-35,tienda,1,2023-09-16
934812197,2019-08-29,4,M,36-45,tienda,1,
117426729,2022-06-23,5,M,46-60,online,1,2025-04-07
419312169,2025-06-09,11,M,18-25,tienda,1,2025-12-07
833323566,2019-01-17,3,M,18-25,online,1,2025-10-10
516954671,2021-07-17,4,M,60+,online,1,2026-03-12
572088889,2021-09-03,3,,36-45,online,1,
830175810,2016-07-13,1,F,26-35,tienda,1,2019-07-19
73964104,2026-03-13,5,,46-60,online,1,2026-03-20
643211853,2017-11-25,8,F,60+,online,1,2021-02-13
389847629,2021-02-24,4,M,60+,tienda,1,
171532881,2018-09-06,1,F,46-60,tienda,1,2020-02-12
119878234,2023-12-24,8,F,18-25,online,1,2024-09-20
924355163,2016-10-15,3,F,60+,tienda,1,2024-01-02
925471323,2023-07-22,10,F,60+,tienda,1,2024-02-03
250057310,2024-04-17,2,,60+,online,1,
579164766,2018-07-13,4,F,46-60,tienda,1,2024-03-15
306102884,2025-05-15,6,,36-45,tienda,0,2025-12-21
62296678,2019-03-11,11,M,18-25,online,1,
895326828,2019-06-12,2,F,26-35,online,1,2024-12-20
811059828,2020-03-07,9,,18-25,tienda,1,2026-01-19
76767861,2017-07-22,11,F,18-25,tienda,1,
3584630,2018-10-25,6,,26-35,online,1,2023-12-10
86119028,2023-12-13,4,F,60+,tienda,1,
453091960,2023-12-27,5,F,60+,online,1,2025-10-07
496448124,2020-02-22,11,F,18-25,online,1,
361515646,2018-09-05,5,F,18-25,online,0,
664230526,2023-05-28,10,M,26-35,online,1,2025-01-08
77992576,2019-04-14,9,F,46-60,tienda,1,2020-03-02
993731208,2019-08-29,5,,60+,online,0,2024-02-12
28592780,2021-08-30,3,,18-25,online,1,2025-12-09
768920204,2021-03-31,11,,46-60,tienda,1,2021-04-21
939072143,2023-05-15,9,F,18-25,tienda,1,2023-06-23
284512919,2018-03-12,10,,36-45,online,1,2018-10-03
681902744,2020-06-03,10,M,36-45,online,1,2022-02-23
512047770,2016-05-16,5,M,18-25,tienda,1,2020-11-06
65182363,2026-01-04,3,,26-35,tienda,1,2026-03-26
285301412,2016-06-01,1,F,18-25,tienda,1,2017-10-26
150026919,2018-03-31,10,,46-60,tienda,1,2018-10-10
432411310,2022-08-11,1,M,60+,tienda,1,
760138427,2018-08-01,6,M,26-35,tienda,1,2021-02-05
142168763,2024-10-12,9,F,36-45,online,1,2025-05-12
945920704,2023-09-16,3,,18-25,online,0,2026-01-29
811614914,2019-01-25,6,,26-35,online,1,2023-08-10
836143811,2023-07-29,5,,26-35,online,1,2024-10-11
492788426,2020-04-03,11,,60+,tienda,1,2024-03-11
547199690,2016-10-28,10,,36-45,tienda,1,2026-01-06
690356940,2025-11-25,2,,36-45,tienda,1,2026-02-03
268327631,2024-11-25,6,F,46-60,tienda,1,2026-01-29
923126480,2020-03-19,6,M,18-25,tienda,1,
807408348,2018-08-13,9,,18-25,tienda,0,
267092705,2025-07-12,10,F,60+,tienda,1,2025-11-29
99685092,2020-01-29,1,F,18-25,online,1,2020-07-06
261016298,2024-01-18,8,,60+,online,1,
755520240,2020-02-04,5,F,60+,online,1,2020-11-03
46754552,2021-03-29,11,F,18-25,tienda,1,2025-04-01
228406011,2018-03-08,11,,26-35,tienda,1,
401586939,2019-07-31,11,F,36-45,tienda,1,2023-01-19
119640831,2017-11-29,2,F,36-45,online,1,2021-09-04
348295935,2025-06-10,11,M,46-60,tienda,1,
50690821,2016-04-27,5,M,36-45,tienda,1,2026-01-19
453135110,2026-02-08,3,F,18-25,online,1,2026-03-23
842578695,2017-07-15,10,F,26-35,online,1,2025-04-17
686166793,2023-05-12,10,M,46-60,online,1,
100240141,2017-10-24,11,F,60+,tienda,1,2020-07-18
545198869,2022-06-30,8,M,36-45,tienda,0,2023-06-24
756628252,2020-02-19,4,,46-60,tienda,1,2023-04-24
732080933,2018-04-22,7,F,26-35,online,1,2018-08-03
748059430,2018-06-21,3,M,46-60,tienda,1,
295410485,2024-11-13,2,,18-25,tienda,1,2025-08-15
925313847,2022-03-01,3,,26-35,tienda,1,2024-07-04
197118781,2020-02-02,4,F,18-25,tienda,1,
602864446,2018-08-08,9,F,18-25,tienda,1,2019-06-23
385551171,2025-06-13,6,,36-45,online,1,
486945604,2021-09-25,5,F,26-35,tienda,1,
688327492,2020-02-27,1,M,36-45,online,1,
252648261,2017-11-22,9,,60+,tienda,1,
925350736,2019-09-06,5,M,18-25,online,1,2021-07-29
816790353,2018-05-11,10,M,46-60,online,1,2021-12-31
825070419,2018-06-23,10,M,36-45,tienda,1,2025-02-20
450239320,2024-12-17,6,F,26-35,online,1,2025-03-07
765623129,2023-05-07,6,,60+,online,1,2025-12-29
174748506,2023-02-23,8,F,36-45,tienda,1,2023-08-30
814863202,2021-02-20,6,F,26-35,online,1,2023-05-05
60162915,2022-05-07,6,F,60+,tienda,1,2023-02-04
315243362,2023-06-23,3,,46-60,tienda,1,
235909993,2024-02-09,3,F,18-25,tienda,1,2025-11-25
492180329,2018-03-07,4,F,36-45,tienda,0,
206568299,2017-08-23,9,M,26-35,tienda,1,2024-10-26
430713729,2022-04-20,1,F,36-45,online,1,
697908098,2019-02-22,7,,46-60,tienda,1,
298462082,2021-09-23,3,F,36-45,tienda,1,2022-07-05
803232646,2017-10-04,7,,26-35,tienda,1,2021-07-23
470506376,2024-09-14,2,F,36-45,tienda,1,2024-11-21
783643540,2021-12-07,7,F,36-45,tienda,1,2022-11-04
408257429,2019-06-29,6,F,36-45,online,1,2024-05-17
396876692,2018-02-27,11,,26-35,online,1,2026-02-19
109847451,2022-11-25,10,F,18-25,online,1,2024-09-23
703871909,2020-07-17,11,F,60+,online,1,2021-12-22
310827955,2021-07-26,11,F,36-45,tienda,1,2022-12-23
204551095,2019-05-09,10,F,46-60,tienda,1,2025-08-22
987284409,2017-02-17,4,M,26-35,tienda,1,
818250683,2024-05-13,9,F,46-60,online,0,2025-10-15
171879360,2022-09-09,5,F,26-35,online,1,2025-06-14
782013386,2017-04-18,2,,46-60,online,1,2018-01-18
219421646,2016-05-05,6,,18-25,tienda,0,2024-03-13
437177308,2019-06-08,3,,26-35,tienda,1,2023-11-25
583375843,2019-10-12,2,M,26-35,tienda,1,
453878756,2020-10-20,9,F,60+,online,1,2022-07-27
76182500,2018-02-15,2,F,46-60,tienda,1,2023-09-03
104178666,2024-10-18,10,F,18-25,tienda,1,2024-11-23
596851693,2016-08-29,9,,60+,online,1,2024-05-04
866747391,2016-12-01,3,M,18-25,online,1,2020-08-10
148632577,2024-04-16,3,,26-35,tienda,0,2024-05-18
869219330,2021-02-16,9,M,36-45,online,1,
433650699,2016-11-12,9,,36-45,online,1,2023-03-24
914222100,2023-08-03,3,,26-35,online,1,2025-11-04
607007788,2025-08-12,10,,18-25,online,1,2026-03-10
609104943,2024-02-25,11,F,26-35,tienda,1,2024-10-25
354894895,2022-03-15,1,,60+,tienda,1,2024-05-24
594121782,2017-07-11,5,,46-60,tienda,1,2018-04-06
481795135,2024-10-17,1,F,46-60,tienda,1,2025-12-28
213679170,2025-10-11,10,,36-45,tienda,0,2025-12-13
850588739,2019-04-04,3,,60+,online,1,2020-03-05
561433669,2026-03-21,8,F,26-35,online,1,2026-03-23
677741645,2018-08-16,5,,46-60,online,0,
460127313,2021-01-08,3,,36-45,online,1,
542721108,2025-11-25,8,F,46-60,tienda,1,
97713238,2024-01-12,2,,46-60,online,1,
239770711,2017-09-05,6,F,46-60,tienda,1,2026-02-23
282911832,2018-07-26,1,F,26-35,tienda,1,
78763096,2019-04-08,7,F,18-25,online,1,2021-09-30
782939238,2023-03-06,5,,46-60,tienda,1,2024-11-25
950846571,2024-02-24,10,M,26-35,online,1,2024-03-21
682660971,2020-05-19,6,F,26-35,online,1,2025-07-13
117834861,2017-11-25,7,M,18-25,online,1,2023-02-10
933504114,2017-11-30,8,M,60+,online,1,2026-02-14
135134324,2018-02-09,10,F,60+,tienda,1,2022-07-18
700335246,2021-10-26,9,,46-60,tienda,1,
454300826,2016-09-06,1,,18-25,tienda,1,2019-06-02
306384028,2021-11-17,11,F,36-45,online,1,2022-01-26
507626654,2022-07-05,10,,60+,tienda,1,2025-05-15
707677342,2019-09-06,11,,18-25,online,1,2024-11-26
264471717,2020-06-05,6,F,26-35,tienda,1,2024-04-01
950021299,2021-10-26,10,,18-25,online,1,
964129981,2023-03-29,9,,46-60,tienda,1,2026-01-31
580551872,2018-01-18,3,,36-45,tienda,1,2024-04-26
639014080,2018-04-20,11,,36-45,tienda,1,2025-01-02
484879555,2019-04-29,4,F,26-35,tienda,1,2025-08-13
769105091,2022-01-31,4,F,36-45,tienda,1,2025-07-29
34567368,2019-07-18,5,,60+,tienda,0,2020-01-07
425071817,2021-08-01,7,M,36-45,online,1,
226641099,2017-11-07,2,F,36-45,tienda,1,2020-08-17
169479374,2018-07-15,9,,36-45,online,1,2021-02-04
653976785,2021-04-25,10,M,60+,online,1,2021-07-26
284859615,2022-01-28,1,F,46-60,online,1,2024-09-11
800025830,2019-10-18,3,,26-35,tienda,1,2022-08-22
230135022,2022-09-22,8,M,36-45,tienda,1,2023-08-31
164209919,2016-12-10,1,M,60+,online,1,
199628037,2025-09-23,1,M,46-60,online,0,
686679303,2020-10-17,1,F,46-60,online,0,
719695113,2024-01-15,5,M,36-45,online,0,
822408461,2025-02-16,6,,60+,tienda,0,2026-01-02
773969166,2023-06-20,3,F,36-45,online,1,
620027151,2016-12-07,6,F,36-45,online,1,2017-09-08
555842829,2020-05-12,6,,26-35,online,1,2020-07-04
841989393,2020-11-18,11,F,60+,tienda,1,
915701010,2018-10-08,11,M,46-60,tienda,0,2025-08-06
63315224,2021-12-17,1,M,46-60,tienda,0,2024-03-07
604609817,2023-07-25,5,,18-25,tienda,1,2025-06-19
819895579,2022-10-05,4,M,46-60,tienda,1,2025-05-02
68312356,2018-03-29,11,,36-45,online,1,2018-07-10
521553189,2017-07-01,5,M,26-35,online,1,2017-10-26
866716964,2025-09-08,8,,36-45,tienda,1,2026-03-09
918490409,2017-05-07,8,,26-35,online,1,2022-04-26
76328245,2022-02-04,10,M,60+,tienda,1,
980026683,2019-11-10,6,,18-25,online,1,2022-08-17
928511292,2016-09-26,9,,26-35,online,1,2022-01-01
337452358,2017-04-15,9,,26-35,tienda,1,2023-12-12
944209232,2023-09-18,9,M,46-60,online,1,2025-10-19
771485010,2016-05-01,8,,46-60,tienda,1,2022-01-30
770954579,2022-12-05,7,M,26-35,online,1,2024-01-04
26955092,2026-02-14,6,,18-25,online,0,2026-03-04
108549460,2022-02-11,8,F,26-35,online,1,2025-07-28
734053718,2018-10-25,11,F,46-60,tienda,0,
337982805,2020-06-26,7,,60+,online,1,2020-12-09
714068,2020-08-28,6,,46-60,online,1,2021-10-20
63059284,2017-09-26,4,M,36-45,tienda,1,
725103955,2022-03-03,9,F,26-35,online,1,2024-04-19
264914270,2017-09-06,3,,18-25,online,1,2019-01-20
510430567,2020-11-01,7,M,26-35,online,1,2022-08-01
972287337,2025-09-12,10,,18-25,online,1,2025-10-02
314897776,2020-07-12,7,,26-35,online,1,2024-04-26
618802544,2019-06-15,5,,60+,tienda,1,2020-07-28
864511347,2016-11-21,11,M,36-45,online,0,
54418806,2016-09-22,9,F,36-45,online,1,2017-08-21
947551608,2018-05-14,10,M,46-60,tienda,1,
369419644,2020-01-25,6,,46-60,tienda,1,
134131070,2016-07-06,7,F,26-35,tienda,1,2020-04-11
153507200,2023-03-23,4,,26-35,tienda,0,2025-07-08
263050628,2021-01-10,9,F,60+,online,1,2024-09-07
705949060,2019-11-19,5,,18-25,tienda,1,2025-12-18
322219408,2022-06-05,2,M,18-25,tienda,1,2022-07-31
966053266,2026-01-18,10,M,26-35,online,1,2026-01-30
701742483,2021-11-23,6,M,26-35,online,0,2025-07-26
164212119,2023-08-23,2,F,26-35,online,1,2023-11-19
428514718,2024-01-18,4,F,46-60,tienda,1,2025-04-15
299185574,2018-09-16,6,F,60+,tienda,1,2023-05-26
579098028,2017-04-23,8,F,26-35,tienda,1,2024-03-28
413240753,2021-06-07,1,M,26-35,online,1,2025-04-24
552170932,2021-08-22,10,F,36-45,online,1,2025-06-20
101381557,2020-01-17,4,M,46-60,tienda,1,2020-04-09
430847414,2022-03-25,8,,46-60,tienda,1,
401057212,2019-11-06,6,,60+,tienda,1,2021-02-09
71169472,2021-12-04,9,M,60+,online,1,
428953029,2020-03-27,2,,18-25,online,1,
487282120,2019-03-09,11,,26-35,online,1,2020-05-03
150619597,2019-10-28,8,,60+,tienda,1,2020-07-30
942855630,2024-09-23,1,,46-60,online,1,2025-06-21
843126227,2022-02-10,5,F,18-25,tienda,1,2025-11-28
388402652,2021-04-23,3,M,60+,online,1,2022-02-20
120217054,2020-11-22,10,F,36-45,tienda,1,2021-07-20
339592674,2022-05-01,7,M,26-35,tienda,1,2026-02-14
470597096,2018-03-18,2,,18-25,online,1,2025-06-07
651425257,2019-08-23,7,M,18-25,online,1,2020-07-20
482434538,2016-08-17,7,F,60+,online,0,2018-07-15
73674218,2023-06-08,1,,60+,tienda,1,2026-02-18
890666476,2016-06-17,2,F,60+,online,1,2020-12-02
140629481,2018-09-10,6,M,60+,online,1,2022-08-15
339799535,2024-02-25,7,F,26-35,online,1,
88129013,2022-06-22,7,,36-45,tienda,1,2023-08-07
114357751,2025-08-13,3,,18-25,tienda,1,2025-12-13
178675192,2019-06-26,7,M,36-45,tienda,0,2024-08-28
365360635,2023-04-09,6,F,46-60,tienda,1,2025-04-12
924702213,2020-06-09,9,F,26-35,tienda,1,
632819211,2024-10-23,10,M,18-25,online,1,2025-04-26
253910544,2022-03-14,7,,26-35,tienda,1,2025-10-01
74784276,2017-06-14,2,F,46-60,tienda,1,2020-01-19
702301721,2022-02-05,2,M,46-60,tienda,1,2022-03-07
407537181,2026-01-25,9,M,18-25,tienda,1,2026-03-20
183858720,2026-03-01,10,F,46-60,online,1,2026-03-19
502664736,2022-05-08,7,,60+,online,1,2022-05-29
772851234,2019-09-26,3,M,26-35,tienda,1,2026-01-09
266286631,2023-06-24,8,M,46-60,tienda,1,2024-05-16
579253816,2025-01-23,8,F,36-45,online,1,2026-01-30
493403705,2024-04-03,8,M,46-60,online,1,2025-11-12
723119672,2025-06-18,1,F,60+,tienda,1,
575870529,2022-04-04,6,F,60+,online,1,2023-10-24
956038726,2016-06-12,10,M,46-60,tienda,1,
591007304,2024-06-26,7,F,46-60,online,1,
536145484,2020-05-25,5,F,36-45,online,0,
462937684,2020-10-12,4,,26-35,online,0,2025-03-02
380524119,2023-05-31,8,M,46-60,tienda,1,
521928280,2016-06-12,2,F,46-60,online,1,
175552091,2016-08-11,4,M,46-60,tienda,1,2024-10-16
233854555,2020-07-27,10,F,60+,tienda,1,2020-08-10
969090653,2021-10-23,6,,60+,online,1,2025-02-26
753673823,2019-10-31,4,F,26-35,online,1,2020-04-23
950134367,2019-11-26,11,F,36-45,tienda,1,2022-06-24
330290783,2020-09-14,2,,60+,online,1,2025-11-20
107454053,2020-05-16,7,,60+,online,1,2021-02-11
255655531,2016-04-25,1,F,46-60,online,1,2026-02-02
85775980,2022-10-31,3,F,46-60,online,1,2023-12-18
257209965,2024-06-04,6,F,46-60,tienda,1,2025-03-18
10102396,2022-12-16,1,M,18-25,tienda,1,
522659454,2022-07-15,11,,26-35,online,1,
611784318,2020-08-20,6,F,26-35,tienda,1,2021-01-15
93449856,2016-05-25,3,F,46-60,online,1,2017-05-21
867143303,2018-07-11,4,F,46-60,online,1,2024-03-24
110153353,2019-06-16,4,,18-25,online,1,2021-05-04
911380105,2023-09-01,9,F,26-35,tienda,1,2025-08-01
930479756,2016-05-08,11,,36-45,tienda,1,
441517711,2022-06-24,10,F,46-60,online,1,2023-02-28
521309849,2021-09-05,5,,18-25,online,1,
84711066,2022-04-19,4,M,36-45,online,1,2024-02-27
924966553,2021-05-19,7,,46-60,tienda,1,2024-08-11
284702384,2023-03-01,11,,26-35,online,1,2024-09-28
22685366,2026-01-17,3,F,60+,online,0,2026-03-03
68847287,2016-07-11,1,M,46-60,tienda,1,2025-01-11
436483774,2023-07-06,8,F,46-60,online,1,2024-08-23
718409417,2021-10-05,1,M,36-45,online,1,2025-12-14
790879946,2019-06-25,9,F,60+,tienda,1,2022-01-12
225056459,2021-12-08,2,F,60+,tienda,1,2025-09-23
320552650,2024-04-25,1,F,60+,online,0,2025-02-25
53939920,2025-09-18,2,,26-35,tienda,0,2026-03-14
941092571,2016-12-31,1,F,18-25,tienda,0,2021-08-04
796333790,2017-05-11,2,M,26-35,tienda,0,2020-01-05
566685408,2017-06-04,10,M,60+,online,1,2021-05-03
406548196,2019-01-09,4,,36-45,tienda,1,
507950824,2022-01-27,3,,36-45,tienda,1,2022-04-28
2414313,2025-06-27,9,,18-25,online,0,
735198955,2020-08-16,7,F,26-35,online,1,
167044844,2018-08-26,6,,46-60,tienda,1,
191925997,2023-02-25,11,F,46-60,tienda,1,2024-06-28
958070516,2020-09-18,2,,36-45,tienda,1,2023-04-28
613252854,2016-07-12,8,M,18-25,tienda,1,2022-02-10
859729660,2017-11-21,6,,46-60,online,0,
841228035,2024-06-27,4,F,36-45,tienda,1,2025-04-30
298804996,2018-09-29,3,F,36-45,online,1,2021-12-27
130027269,2021-10-26,11,F,18-25,online,0,2026-01-29
602732297,2017-09-23,3,M,46-60,online,0,2022-12-16
739008273,2025-06-12,3,F,26-35,tienda,1,
424906516,2024-12-27,6,F,26-35,online,1,2025-02-21
407019288,2023-11-21,5,M,46-60,online,1,2024-07-17
149927706,2017-11-12,1,M,26-35,online,1,2026-02-22
570392350,2021-11-13,8,,36-45,online,0,2022-03-24
73072420,2025-09-28,7,F,18-25,online,1,2025-12-23
569562919,2018-11-04,2,F,36-45,online,1,2023-08-26
776793898,2026-02-03,3,,26-35,online,1,2026-03-18
61480746,2022-09-17,1,M,46-60,tienda,1,2023-11-02
598120238,2016-06-12,11,F,60+,tienda,0,2024-07-23
7821109,2024-09-03,2,M,18-25,tienda,1,
92069690,2020-04-17,7,M,26-35,tienda,1,2020-10-04
654149436,2017-08-14,4,,60+,tienda,1,2020-12-02
991448895,2022-08-17,1,,36-45,online,1,
42772287,2017-05-20,9,F,36-45,online,1,2019-03-04
258733898,2024-12-08,4,M,26-35,tienda,1,2025-05-17
177403722,2021-05-09,2,M,36-45,tienda,1,2022-04-23
62895957,2017-02-25,10,,26-35,tienda,0,2018-05-04
895719255,2025-05-24,2,M,18-25,tienda,1,2026-03-18
825376600,2023-08-09,1,F,60+,tienda,1,
216084311,2021-12-19,9,F,46-60,online,1,2025-12-19
994778970,2020-11-06,9,F,18-25,tienda,1,2021-09-15
169142105,2017-04-30,4,M,60+,tienda,1,
631932764,2017-04-07,11,,18-25,tienda,1,2022-09-22
783857514,2022-02-04,4,M,46-60,online,1,2025-06-17
640489325,2020-10-24,10,,26-35,online,1,2026-03-04
576667501,2019-05-23,3,M,46-60,tienda,1,2026-03-02
123098994,2019-12-31,5,M,36-45,online,1,2023-09-08
137959287,2025-09-18,1,F,36-45,online,1,2026-02-14
324925305,2019-07-09,10,F,46-60,tienda,1,2022-02-16
749721470,2024-03-06,10,M,36-45,online,0,2025-01-06
524736385,2023-09-19,11,M,60+,online,1,2026-02-02
128827266,2016-10-25,1,F,36-45,tienda,0,2017-07-31
334802822,2024-02-23,3,M,60+,tienda,1,
284127113,2025-09-25,4,,36-45,tienda,1,2025-11-03
990556049,2020-10-21,10,,18-25,online,1,2023-08-23
241366931,2023-05-20,9,F,18-25,tienda,0,
166311829,2017-06-14,5,,46-60,online,1,2025-02-07
986324887,2019-04-25,5,F,60+,online,1,2024-07-13
721321887,2016-09-26,10,M,60+,online,1,
573628321,2023-12-12,7,,36-45,online,0,2024-09-12
910090148,2020-05-16,1,F,36-45,online,1,2022-11-16
585682861,2019-07-06,4,M,26-35,tienda,1,2020-07-27
348159918,2022-03-12,4,,46-60,tienda,1,
475908013,2018-03-27,2,,26-35,tienda,1,2019-11-18
391835568,2018-06-23,10,,26-35,online,1,2023-01-09
730761141,2020-06-14,6,F,36-45,tienda,1,
634136506,2017-02-02,4,M,26-35,online,1,2021-03-20
903835581,2020-03-01,3,F,46-60,online,1,2025-11-07
229609408,2019-01-18,4,F,36-45,online,1,2020-08-13
374845382,2023-02-23,11,,60+,online,1,2025-03-20
454440903,2024-11-13,6,,26-35,tienda,1,2024-12-03
905105353,2025-11-01,1,F,26-35,online,0,2026-03-17
639930322,2017-04-20,8,,26-35,online,1,2019-03-20
246038494,2026-01-30,3,M,26-35,online,1,2026-03-30
997625838,2021-03-01,7,,18-25,tienda,0,2021-03-28
381569012,2026-02-03,2,M,26-35,tienda,1,2026-03-17
919187451,2024-09-15,2,F,18-25,online,0,
784474109,2026-02-15,1,,46-60,tienda,1,2026-03-06
